wallet,mint
0x0052A2D76dd59D85c55c3BAa03C2fD0245e4a9Da,3
0x006f635f19AC62c77b637e1a11aC19772552C4d3,3
0x010ed7839b8A2EA15D8E6382735b725aD1F8bB6c,3
0x011A991Df27Fb53637B7319d3A43e91B5dA5b4E8,3
0x01208e4127fea5cd8c371e7d844982506f2a2a31,1
0x0167767E7ffabd6e9FE1f958535BF296622D4B21,3
0x01C3dD0607e189d8ec94c740cf5926dB4f38Bf3f,4
0x02c06560E1C3e305E052678B8e1e82ac00ed630A,3
0x0334e8171733c4839fbe230A6f5Cb12cD690893B,3
0x0392c0693035eFed7a49476c770a929DCd3b87B2,3
0x03a00A69fDEA64cAbb450b0134496628c4F1B800,3
0x03e23794186106bf27433210Ec1ac93E01cd9dF7,1
0x04097E13FdC61757398Bc46b821B0dB14797F0f1,4
0x046CF89007220f9F92efB88E94bD6d6e2b509dBC,3
0x050b1362092491C6a35503812d14F97AB3b3cb10,4
0x051223E88F14aC86df41c922708e5cEfda143BE9,3
0x05A8F64FfC9F1A2998940D2a16c6e2eEA4A97BBD,3
0x0642cFf6F8A79c49aCbf97B4aD0706e7BF334Dc8,1
0x065fCC95D6e0ED8Ec1Ff63f74CC9a80B2E40AF9a,3
0x06711B12a93536A33921dad2e0AebACc151EDB0b,1
0x06A8e6C2778cf8e19B6847d1c69F25d19B5FE032,4
0x077320FfEE10C7821dB49a824794FAb4cae55A5b,3
0x078E8b010C2DCbc1D386A8E3DFaFFA39AA7ccb65,3
0x07C0cFaeA5277b9D0A2ca230EDa0d132Da3527F9,3
0x07D251dc93aff6695Fa148017cA6335b8f688d71,3
0x082678f8ada1d535d280339ef3f637801e929db7,1
0x08429a6E66D1b07024739249C98Bf8572A3A9a9D,4
0x085f66D0764c632cE8c1f2a41531909BEF106C75,3
0x087C98Fc8bBdb254Cf833Ae374785104E11CFBFD,3
0x089Cc782873508C6a6CA4518dabA29d9E99c2Ccd,3
0x09280340849e66948149804caC539cC7227512be,3
0x0959e0fb2b623AaE6504809C1c1F54a8f435f434,3
0x095a7fd3014eE22B7c6E33847776d7f0E1E64733,1
0x0A77751B46444AB4365eA8814C95F982bdb310AB,1
0x0AdcDb1A15f9F1A5436dD4Bf41b6251a769e9E94,4
0x0af273634b07cAa533ce2B9135D960bC6841DC67,3
0x0b38213802a8b146999139eF1C05B724272440A3,4
0x0b6608146A8FBB5f2AC9EE0cDc43e8ae81b26561,4
0x0Be6dd8F1aa0C6F4c8D28cf852F53552C6e24c86,4
0x0BF9c3Bb9d0031999f699400fE806Ed33119E983,1
0x0C02282314ebf4F1b11b7B6dB5adaC8B7731af17,3
0x0C16Ca6D01A621Fe3498E63A9E4617835ffB4116,3
0x0C2191DaA4A1C7F2BA4200CA2287EA803C597952,3
0x0C3048115677F780CABf52532A98fd0a1a19893E,3
0x0C377e9832490D17b7F3F27f293386aDd677eD7B,3
0x0c3e73447Fb3a76aB0ae69C4D1097EED21067E33,3
0x0C57FBCd1649FAca940370f53C76783dA16F9d55,4
0x0c6307c68A0eFf409dA8b01f61c86837f0CBcF40,3
0x0C90A9d2b0f573c21c499DDaC720e2c6E2899f7C,3
0x0c9a46569e9D9618b0400287021FfE9ba44D7628,3
0x0Ce8e858A55F5bEb2e6551e81cE0AE70c4F79B84,1
0x0d2C8168554d74Fc2d3A0f757B43A5ac354c6D2e,3
0x0Dbd32249bD66F6455a0bf3BF4cd8aaeaD866ad9,3
0x0Dc7fc49f79b310B3eA8919ea15429D35C565d11,4
0x0E2Abb40d5be88ecAb9aB44FacC09dF0976a70FA,4
0x0e5767Bc10E638Fa27475046E9EdbA581Ed92dCF,3
0x0Eb7B320dee0342b8ff2088467A06804f78d31A0,3
0x0f37400abb761Ec0c56653148cBeD486917af959,3
0x0f5E99C266f037a4b07D4D258350bbD020749D24,3
0x0fAaD9Ab6c79Ea8B34E43D178C5e2537Dc4Aa61E,3
0x0FacA1A5Cb35F7259B8F2380466be0A05DD4d3eb,3
0x0Fd6c7EBB4c011363d83c806B1Af4cf16C2C59cF,4
0x1038279dA4329C07cB0D0FE55bf60a07b6d6928c,3
0x104484d4E7136c2271e268d9A6d004611d5486b6,4
0x10658A9cb783b6351B696461Ee6AEdF6F0595E43,3
0x110fedadd1579f56b24B0620eC81758d2a8917C2,1
0x1128D4B37d06DeB41eA81fE742F7A426c98DfA33,3
0x113607267004cc98502E06A3c3abd48f5c5Fe645,4
0x119a6Fdf7774024D96391064FA37Ad2D598591D3,3
0x119d060D7Cc80cBC753F13C2f581f3421Cd94aA7,3
0x119E3224Ab7e7bF8777E0b4ADc0612417234c9e1,1
0x128b79937a0eDE33258992c9668455f997f1aF24,3
0x12e20a79626e13fe663840F43705C68F889F2057,3
0x13Ab43AA218226Fef8F5CdF9b85c17fC1D2A06DF,1
0x14200E5a1473b668817c85936Ecd4F788f061873,4
0x142C8f75F78E5225E4CD882cc676b32303b36e5B,3
0x161B7F60Aa3181697a78f642a9EBF1559Cf03fB5,3
0x161B8d03095F84Cf9f2018a0582630Bd88cD73CF,4
0x168fc6735F2D16955ceeFe3C326B58F2b709AD4F,4
0x16A7e8FB454242A08AC8d30aD1F387ba26C72223,3
0x16Ae44848CE7D16b70bFEF5BB158312bD1EE73c6,3
0x17325C6172531BcFAA75f5a0cAc6a640148cD5c0,3
0x17410AC8E1e7C0296d3d1EE82C2bcE9Cf5250a5c,4
0x177a7809f46B5DC9b4cb2211531EBa6E2B8ced10,4
0x17A985095BD612A9B6278f8dd8A6D91Ec79dD81e,3
0x17C5654E6B88aD551053d33813262D3E757b3074,4
0x180D1994A0d0Ce7C3F1490cf901133C2623f57cC,3
0x18c82f4A5Ca17a0310F3Ab2Eb10aAa06DD24aC45,4
0x18F61C9ce6D126E12a290979031528F026df0D23,3
0x18FdA710C5D70858Df98d5B6Aa1D88B589eE4594,3
0x19c4DE5Cf84436CB0F5B5898782F6298b1937AF7,3
0x19eE073E863c6a6F6da9326044067507eA76A693,4
0x1a01536Ee201B0544cF349df7055e2036Af51501,3
0x1a17D14d7BDba5E016db735081f98B614bA7fD98,3
0x1A2Ac2b86A208060094f5a39CE10d91078C0743e,3
0x1a60DfB071B039c6e33dcb3220891C83DA72c1be,3
0x1Aa6Ce30bEc953043d4d9938E31b196950C465bb,3
0x1Ad12A3BF4fAa082bC6Fd87922500f22A8e4C697,3
0x1b5474597096C46837f5774A4cF6F23b2666B9D7,4
0x1b5536bE604f3bd2985d77Da718cAD99ddFA877b,1
0x1B7d855b4B04eca96604B992f246521B88F7be9F,3
0x1b96d78736c106e8a90997B4c8ae7B2112d67d6d,3
0x1BA13A49a1843e2aFFC9Ff88BA8c3c0339A3B2e3,3
0x1ba8A2678038A0F4Db67904d9B5D99bC2784d06F,4
0x1c5507310813a07c68f243960650380669450710,3
0x1c7afC76b90F1A65A13904029859452999cde261,3
0x1cB8FaA5d57C5D749BF143475AF5375BcB348368,3
0x1cDe700C8b4012079157CFB0d12DF7FD41F3d581,3
0x1cE8C5DE0D0880174eAbb6Ab3C43e4A8F98419Db,3
0x1Cfc855b83f3FdC009CE0eD1Dd83aCAD47d45937,4
0x1D1B481863e670a428B867e4303742cB8714d5A2,3
0x1d79d8d27D3646F0cD6e808B3F861dA5D21f4C77,3
0x1D8c1f32c6223Ab2B6209143680812188b44ae72,4
0x1db669337a4bA132A81caA2dcDE257fbfAEa4CF7,4
0x1DC9C5652883a806225CE2445036748f3C3999D0,4
0x1E1a26fD09DC080Af84571836d5550E844700975,1
0x1E49515F9233E5C5865453F0DFF9D346dcC3b261,4
0x1e5ABeFF9c380eDd381C99365d976bDF3919e76B,3
0x1ECdEE4265c1Bfa2d3F46C623df04F25E9603aa9,3
0x1eFcFA6055F782a9c6d5091e9Fa1E5a673574AD3,3
0x1F0f6669B68172228593186B582Af533B0659ECa,4
0x1F713D04df03b1423707a07A035c260a77dC02D9,3
0x1f777cEf25B6e12C44120bFA53B505FDD33c454C,3
0x202a6750Bd694aeCBC33F9B16FB00f47B72E0f4f,3
0x207b8aF4f163e40400aC8e4a172CEE888D043B99,3
0x20BD173cE6AC264Fd7A07b22B5C5200Ce8372f57,3
0x20dBa87153E0E633B03a415F4c66B3F9E948d4e4,1
0x20eC02894D748C59c01B6bF08FE283D7bB75A5d2,3
0x21438493531dFD9Ff94C9eEe6786D5C22EC287cc,3
0x21A7d124f105F77B27ed97ee022C809F3F170C03,3
0x21c697775aB134621607e9A204575c84dE91Ed47,3
0x2212238E2Ca9F003cD2c6ea780eA5467cd7cfffF,3
0x221320D34800760E06B206aCd01e626e463eB03E,3
0x223E5FCeA22a600561A5FD7AcB86b8CD0BE11c40,3
0x22848b7cb26Cf57aad1285b63B134161D6f9540b,3
0x2299040505a9bd33a6ed88181779178721B6fa7A,3
0x2299CaC2D6cd1E67A013A867F4403D9f2Bc968A7,3
0x22A8d74306db96eC49C91905fB6f9Fe0e8488845,3
0x22C0A992D05e483baC5e9CE1Ad5081ABb3943F32,4
0x2304ecc3496344DF06A5d19B02E251b8614C2872,3
0x230FCac06ae171309ea2E0D826cb021A0F786b81,3
0x23269d67028686135DF8576a1f627F87bd36763b,3
0x233eB8B7C66AcB80F52A62047E8C680447F82EBD,3
0x2384040345A48A9766e94FfB97c2c9A63db7a635,3
0x23d8646672cDca0b3261adc46aA2d5A44B0A56EB,3
0x24271A4171f8024eb20b9Ac4E27ec4482f9b016D,1
0x2436c10Dbad45277F1aeD3bC0cCC68A4D6DEb116,3
0x24452c7b0AB37528ea48f5bd8Ed688C0e7661684,3
0x24662a6c4b9f8b1FF9e3AAd03cF7D8B956c9Ac12,3
0x246C30E11cB240738663A04e102F5704988d56d1,3
0x24e6063aC956D2b3526eFd763CAa074f8F7630e3,3
0x2508b81fE684e5840f3F427D44492714D399dFaF,3
0x25516568f01B6CDD75Be29959aab4310adEf12aa,1
0x25755dBF2C7e206C4F33fC96e78a4DE19AF97084,3
0x258E07c37eB8712853f3FEb0c0431549e82bb9E7,1
0x25b12EEa057708adcb521EF7Da0d4112523372FA,3
0x25Df211876a17eD0c6d42458D3928842A88459b5,3
0x25dfe862D44E732b1FAC664787947F01EB955646,3
0x25EE51277032E1F6E90ece9F83259949C3D59bBf,4
0x261c05Fa61A14eFc85994eDef2d8D620fBF2cF8F,4
0x263736e5C9983D034C7b91a70F4621E10E9dAdA9,3
0x2639B6ce4471E841B8a85E2A89E64C464C55BEB5,3
0x2732e7a3AEa54eDC09034669190b8CbA93101f88,4
0x2758e26a080c2d25AF29F61c304a05CAaEdA9D89,3
0x277C22468E2339E1414CD67F60c3F31273D11e0B,4
0x27F11Dfd09b6f5617D5A43a13281E321ac956E4D,3
0x2845d46d45ebFE957BA8F5Aaf94d934aE01009C4,3
0x2894F4fE2c4DFc83b20445cF1511D9892Fc7ba73,4
0x28d3739cD3F49c61204f8C0791AAA12036bfE213,3
0x290E7DfAc009046694E510865bbCD542815e97a9,3
0x2999E9a36B6f0c01f618BE071c2A2a9cd760162F,4
0x2ab31BBa1d293489d4AAb1A249CefF5775462eE3,3
0x2c2aa35F34d2a69c49779818D74054146D3BF690,4
0x2C83B2d73AAD8ce31158b582c2639b19e037f55d,3
0x2d50ba9C1e5a03B1Dc103315CB1C31C7dcB9dD62,3
0x2d742660dA6f068E9b75115CA77278358cf21C69,3
0x2d98f0A004BF85d009Feb3dab91c9915299ec878,4
0x2E6568F90f0Fa20dDf18ED4a73eA4750dBc64C0d,3
0x2ebBccDAb41b0312cf887A5A4e6A84A0de1002c7,3
0x2f1ffbAa40d57F5f840fe9A27168D9e4FEb20fa2,3
0x2F2A6f077d8edD63C6d7D1B7145C64450f5b76b7,3
0x2F2D8d26A2Eb43b37000c3B0Dd565705d19B4833,3
0x2f919f0EB53BecFEf31033CF68f23a57723a27c5,3
0x2F9Fa1369f6d140191471688D2fdd28119f9891D,3
0x304Eb9063fa42BD7841dc7Cd6644B12385cAa891,3
0x30B5EbB4C5DE478DD38a550A0f45d61184FFF4B4,3
0x30eA226fA7ee632665bF1227904d22A7F635f420,3
0x314686cdcfF77C6b7878d3584e34fED3ec76aF50,3
0x316808F098BF728570edB18e894A2e27c92F945F,1
0x3194f9372FEd8D6D9483871faD4D125493D40f90,3
0x320e1325ea6d927700ab0Eb0810786343b85E855,3
0x326A5b23b751Bd73d5aE7a93600072310E47B360,3
0x331590f47E2D7765dF457c38c3E06dD1843CF654,3
0x337ab2c4e48b8b65Da792c22665282184f9E5AA8,3
0x3382cb84343AE3fa273b4af3683E98E2F0cff7cF,1
0x33Fb593B4c057cD697813dBA596C621b34eEB013,3
0x3434900Ffc54fea92Efe76Dd53bC8E74F3bA035e,3
0x34e3c04A5FDFe31b69F00E578b3396a7c1612282,3
0x351334E47C983289E433909dFbcE0bEB2B20b4c2,3
0x355AEBb857B53799dEf8903B548BB7C60Fd48ADc,4
0x35913357fc1f1404449DCbB9fbb962A78dA52B59,3
0x359A0E6420E5625778fb4aD1aE5027f9DC06dDcf,1
0x35E15895bF1570eAe888842EF965A4526D906Abb,3
0x364Eb648d9B6CbF7eE7292b60f43b46A4Bfad0D6,3
0x366c0ae1eDBE7c648Bb63fC343910B4e54eE5F87,3
0x36b921bd2015c14F2a18085d20c39DE765f25F6D,4
0x36EADe2216FF83Ea5035a221aF8e79B6551c626F,4
0x37427eB03cC142fA51a3BDcAFc083506119e7607,3
0x3755fC0b52f4dFf16B2E7500A156C954209170F3,4
0x37Ca3dE6042CBD14BA2D26f67da37CFF1d778602,1
0x37D3D30e994A0dcfB45a2201F39708F458102b18,1
0x381dA126d7100F7079b811Cb78a346A9834e5c18,4
0x3822ed34ae272adE5F299Cae5a3F00860914aaA9,1
0x388445266e5d3C029E2DdCF18c803124eFbF79B8,3
0x388b2d29E7919D45b1B8F6e88b8A13a392f97b40,3
0x389CB9011EcC0737810155955668F2121E866f74,3
0x38d9083efc597E1Bdf240B40247c4Ecc2F26E8e3,3
0x38e76C87D7Bc4b0A5C31077D330804A4d0ee33f1,3
0x3927AF597C09774f91Ef84BF765DEd4109e9F8Ea,4
0x39320315042136CDE18559DF27850c3886C973ac,3
0x3980A73f4159f867E6EEC7555D26622e53d356B9,3
0x39aC5bB0aC8F547d9DABD402059754B089774291,3
0x39afC3Be9ddfDFB25165812Cb7813fD3E0943102,4
0x39cB1Fe05C3346821e07dd30e6B5328414Cb7949,3
0x3bbc7Dd3B57Ea725985BF0dA33AdDE731F4C7295,3
0x3d10402D3d02eD2f34dAA118166F23f539f69C60,3
0x3D6D6Af81b1e3f7aDF881fdea25d834563e8818C,4
0x3DBe532eCe0fa5f226a87C1F7AB9C15b070e8E31,3
0x3E32128d75b446E84225Cde8CE60E4ea7cb29cf7,3
0x3e75C7Da4348498BEB9fB341e541a51bDc759f75,3
0x3E975317b431B43518f3251F79e203b453c44278,4
0x3F13179224326F51321d0198f19Ae6F2F5896DE4,1
0x3FdB221B1ea9dA72aa490FadEf83071582626Acf,4
0x3FE7493385EAAE7ec98DC33f77b4fBe71aeb5Edd,3
0x3feD4a92Bc35Ac4761c66A68C0dd6c90336bB8Ba,3
0x4035fED042B0069174B5C5452Ffa10e638178443,1
0x40662D047E28735FDcA4e39838633256EdBeC4f3,3
0x40E3c1262445fc6A5A8AEF06610dc44F7532c291,4
0x4124cb51f1e833582715e5EfacA8CAE5d11bb777,3
0x415Cf5641BCB29C6E767c00516BE31E1Fa048B54,3
0x4202EA2785A8e08Cfe8741449A454B4a9575583d,3
0x421857192C44fe8FF3DaAb99aFC5908eb85a0e1D,4
0x424ddb73905fb00f57C09EE7B51512c34fae51D4,3
0x425DE7D06D25B254dB50236a079055077D5890E6,3
0x426AEcf641FaF88AE0D6736eD87550E9ABeC0D36,3
0x42BeA9748999Cb5Aaf7fdB45B14EEC9Ec3ff86bf,3
0x4327aa67D6D9B8fE661E6EE230C3a0b1Dc70C1C6,4
0x43621B8DA86F16dCf7f5B52198fE1CB69B55C417,3
0x43947b3aCa62eA005eC34A0f9c2c29441901ccF6,3
0x442290e6B3457C9c53023bD0fb19Ff15B3E37085,4
0x44440e34a9f3Ae41aED6fE2C8aE9a4a38CE80F13,4
0x4464C8cF9F507ad4f8919043CCEEeeB2606b054c,1
0x44744ED0F977273c4E165FdB35CA000201bBD67a,1
0x44A089c52508D88710A243042c6e430cbec10173,1
0x44B7591b2aD84064EAD2376eF5150e1549b0D39B,1
0x45EcA0305c47BEF95987097Bd1676552B6a9CA35,4
0x4612E91Eecde95b9A18CAbfC488dE7c2f859971A,4
0x463A2E0F79E82f35bd0D619aB4606D6fE870c1ed,3
0x4643263685aB13035583Aef42b5DB0641Cb8c55a,3
0x4692cC24F01956D977E34240648E98C4A2303E39,3
0x471035428aC2467a6c0D7b71e5d0Decb62303A97,4
0x471A02528929c9869e86501a6770E8F8ef77Ec63,3
0x478f85b55031B1796E50fcE4A6B15192E2BCdCd6,4
0x47A3e0e61c6bdeFdCb146386De7e3cF31E32EB56,3
0x47A51e662E5A777cC969a0895A41f323D9b7749B,3
0x47ef8EDf0330Cf20bb1B386520df38cB5Ff99B13,3
0x481c1473FADf8E63aD635221994Fe61cDA37526f,1
0x48910BC7596dD69555d91659458c71c65cC3A4dD,3
0x48dD4F73A8b83De7c05070bae3cb849b0Ef5751C,3
0x490AdDEc012eC80d6062Ea8f1A95045ad3a2dC8A,3
0x49Ab0dE9eA53303a7f1F40A3a214f51BF8682ce1,3
0x49ca963Ef75BCEBa8E4A5F4cEAB5Fd326beF6123,3
0x4A177Cc32e4FA3A9a832225433fe8eCBe78122F6,1
0x4A18CE5b79A1deEB00088275D4Aa9221e2e45D9d,3
0x4A38E9a803757747305b898DBEFFF986756B1eD8,3
0x4A72689FFcd776023277E3Ee58e7018426889EFb,4
0x4A8905a8Ce0148a51295EFcDb8d085967fEf3CF2,1
0x4b3A9dEc9F74f7C2EA89A64A39D9489Bc87fc69A,3
0x4B3e840b92D68C61Fe1C6CD1AA738d9C21a9cc96,3
0x4b688c3259E87882e60DA0ae996db7E554e1947D,3
0x4B89536D59092A5476a8Cf79192e28EB9bb6fb30,3
0x4BdA9762e74D29b5b52Df1c6b0c1F6e5a1dD91C5,3
0x4bddAA74d8112b92D097B029AC5781E68418c0C6,3
0x4C138C6427fDDf66d5a4aB814C040b310aA2257D,3
0x4c3B64AfbE21391F1e6F475aE896AE160Ec9200b,3
0x4C8a6Df9b058B8A97b8513d6A0D6B644293D3D15,3
0x4cBD18eca54247d1DAf76F05037446b9d320a2e3,1
0x4dB8ac0C360C40dFCB674C7129eD1b73e0d2E9C0,3
0x4E6BbB55fcB1B38b7eBdC223c6d821cBf53c3796,1
0x4E7DbCCd86c032d990CC26050D5A1F81346134e0,3
0x4Ee14C3f2F6dFd0a15B110e275B1c5f967BE6B3C,3
0x4F371084c17e4629Ebb5af7D78f2266122BaF3b1,3
0x4f691d6D4763dacCCbbcF5F9dC641F4a18F0aCE4,4
0x4FBA74788215712319aB134e2a4478db2e5Cee0A,3
0x4Fc396e5075D6b750F0c0fb72BC5bfb04695657B,4
0x4Fc7cA9d3560614CedcF40096D77F9916fEe73A8,3
0x5030Af6967dF26a2bd7788B1D830C952E8AE66E4,4
0x5059C7e43995d290acd71c027601C61268f93ff7,3
0x50A91CDcaef67a1Be2784B5FB4CB2C9523387061,3
0x50fbB2c8Af5C00d53D808e5e3fb87444d90c8Cf8,4
0x514ee154a9d20Db9C4A088891Dd3Bf07B63a60ec,3
0x5227A314a5C0B6b8C126eAed32117312d098d816,4
0x525D69739bE8F47816a52948f3A899aBB52F7684,3
0x529ad619ad25892a6E6112102326d6774D30BBb7,4
0x52a3Df88C97336f6D6EfBD4d9a3D19a1B68EB619,3
0x530a558d0512d536D24799BE7141f36dd9ACE4aD,3
0x537037C5ae805b9D4CeCAB5Ee07F12a8e59A15B2,3
0x540e9BEDcbC666D61aAddb1c8c4625bf8C67E1E1,3
0x54460097C12E612f0F007756Eadd66d4e65360C6,1
0x54C8c462d722B30ce148cF888cb6D064EaE3dD84,3
0x5554261B8419207d9B6b3013025d33e5cc998Ea2,4
0x556672AFD82648836847c23FE73F38C5Ad1c5b95,3
0x556D6617465FdB80652f01c6134bb9Aa849F8F06,3
0x558A18f94CABdEa4E47C5965384F457D8e870419,3
0x559dCcEC80c6B9317135B1202dd3737545304771,3
0x5681665B392037A22728D62C82eda63Ebf8BC256,1
0x5689463018F0fFCA1F352a1F2b6B304C714A41c6,4
0x56c2aA7E0F8918C2E81d9A4DadF2b4f8b62A1687,3
0x56C675575ac3B2fFb55595C6Ec54cBA8931600e7,3
0x56Ed93EA9F837eC1Cc27EEA9C2E3F1fc6393F57a,3
0x5724296851DbE1a91d3C36Add8bb11E74df06098,3
0x57a0bf200594cd30fcd61afcc9eca928b1fffdb6,1
0x57c23663ec64443fb31bEF58eB59adb85AcBc49e,4
0x57EC8b0e49512844cE894E21C2525F84f5Fb90b6,3
0x584b61706DAFD1d490eB6333A9Af0F8ed7DD5fAF,3
0x5856e31484AAA38e51f670636082Cd86c5a709cC,4
0x5860BefC0C807237D9E3ccbA06dA89a32CC46A9e,3
0x5879237B6ff4C28E95f0EaaaC79D760d120f70f0,4
0x595A17A583AB7adF2b8AAFa95952FdFcF50849c6,3
0x5A9b8026032db575B2b42af7853Df193Ad9AdB25,3
0x5abBEFA86686Cb3b9b816361DBb2b7192c92B856,4
0x5afD86B50fA964b425022E952f84C776a0218c89,3
0x5B64C5622d087fE63B4d44390e2624d04d224Af7,3
0x5Bb03B51210132D2A00008Eff9877052596721dd,3
0x5bb1C9B29D6f0Edb82C04DCe7347E52573885636,3
0x5CfAde069453aDf13315141d94AB0BD4dCB79FeB,3
0x5CFDccF5ACf8c0E3CeFF7A9068E8D0FDa58cEE29,4
0x5D086548F26376C0f9345Eb0c4C03E6bcFc30FD7,3
0x5d9e8aF2a89f095aC78F59B98588dC3E60a221cB,3
0x5defB5eBBBD6c971395b96628611e37FD8b2b5B2,4
0x5EDcB24D215a539024df84d25D725ca28Ac9D2cE,3
0x5F42B1CEE8226A2AA674E937E9E69fEA26060D2F,3
0x5F439a0E0A04A5b8F8979F6bf0BA505b43A8f8Fc,3
0x5F9A28aB34e4826509a9DC9C700d4e4fBB3CC17F,3
0x60035bbf8409C6D0D92Bb42919115373a4e1A44a,1
0x602ec39968CA5F184C967e51fc97923FFfBE29e8,3
0x60303DAe1C3BdED0BaE1d070271efF3a2D7De08d,3
0x6053E5f6002C1Aa53f876B2114F666312ed95343,3
0x61006bdBB359B3A39106198E6eD6A31146BC9EBf,3
0x611455218f3b79Fc52590255934c7039bfc752C7,3
0x617CF17Ed676605781f54f1DF5810D2Cf4d504Fd,3
0x6207d8773Aed7Cbf7B8F235d9E52E4E1b5E574D1,3
0x6261904224195c70D005Fc6465Fa04eCBf10cF7A,3
0x6265C8b15DAE9De00bd05209A7a1777E4b658aC1,3
0x628eaDa15Af981010c79F4083CcAa7Ee322B78D8,3
0x628F3212CB20Bb3f57c3BB574cBFACbF413c1afE,1
0x62D64779B8247ed1fEEdf64c872cde5b290Ab8ab,4
0x62dE352d331528E8EA050D6975037641DbB601cd,3
0x62Fc02310B145A8b5ee04dEa9FFFac7c84979d8A,4
0x631C15bc5Cdfd3DA252dd069711B186CDe17563F,3
0x634F1D1bDd834d21bB347992535F3506cF912E45,4
0x635Dc561898171C41569600dbd403d5f28b399b2,3
0x636d44c974Eb025A690248bDAA3c9178ab1590F9,3
0x64cD42D84444676677a2fEF5A82343e1F26e82a4,3
0x64f6D9007Ee2191332a9e64f5dD02501b2DB6f73,1
0x64FeFfeEDD84C79944C20CD4a3903D5f2F6C0164,1
0x6569FfFfF55900B45d3E2e5f9a0b885e9d1dF6aa,3
0x6593802875706f0da0059a9A8131aAf561E3EA26,3
0x65Ba4f92D7DFA813DdBd849D9Faf38a723Dd9b12,3
0x65ecaD7DCFd605C70fE7d1158e6a66B9Be9747BB,3
0x66296E35273c4010fE5C5D8E94dCa108ADbD81fc,3
0x66648e1009590fc266F79Ff100EeE8d572B39a69,4
0x666Cc667999459819AD0cDD770A4537eb03a337F,3
0x6699Dd357952B5bA21aB0F3E24061C5578855c54,4
0x66D50c241eB719AFb243Fc58173E4421811a2874,3
0x68303a858D10f9cfF32373e3f5Ca6B2a13Af8c3c,3
0x68778d098091812841385a390b720B6d41bF6Df6,3
0x688AD51b5321aBC2B3fcdeF61E9Ef152e9634466,1
0x689fe261322AAa20ef142A49c208C94ecA3b089e,4
0x68BAF947B07ae733968e85333E4c62EB72f3bC63,3
0x69217947EfBB9684C32BF2211185e6684412BEd6,4
0x6A363896B740E61899572df40F2Cd5E90B821C8B,3
0x6a455c2f0d030d7Ec1c903e634789E947cc7DF46,3
0x6a659FfaD9361046bEBD1Bca124182c668815147,4
0x6a8fBDcD862fd48398dec9D50F2035217FE5CC0C,4
0x6AD1F82a53946a1CB0F00021d287b132FcD854F6,3
0x6B5734d1AfB667922f2d3D4391c08a86eeb7dd9e,3
0x6BaC8830d5d990ff856a412551d728e6148cA86E,3
0x6BaC8830d5d990ff856a412551d728e6148cA86Ecres,1
0x6C166952052661810fc87dEf1CA6DfE4139101A9,3
0x6c33C8F0E973139b11a270d1217f69f51EF3AE55,3
0x6C4076bA65AD825a1b617fE0d6ff042E441b205c,4
0x6Cc1a726e7f9F3BC5046ad7225a7F5A7280A9415,3
0x6CEb8cC9b47F0Fd2A73192d8a600D7746CF9b4e9,3
0x6dE5eA8b4387c9613cEB53ba41C1deD6aD2B6Cd7,3
0x6ec24b2B96Abbf08FC5a2612E29001b13e883D13,3
0x6eC4d33d4B8B721713D9d2251470403846BF2DC9,1
0x6Efb6C90f83d74dD6061f7f0539Cb6574aF34eeC,1
0x6F29fF7150a515d570484D3188b4cdfaEEA4e8ad,3
0x6F5b679e376DEeA6B7a0b7d544F34400F8EC99d3,3
0x6F89F0b876879B4a7596dd835b3205eF9D63D28c,3
0x6ff3bd56004eF5769Db06F14f80f09f8E6c786eA,4
0x700E9B11Af776fa1DA44A03777fD7C41E3109C34,3
0x70Db4a54164727EbABA13F7A57432434078CA541,3
0x711A71e1873988F8Da861e57B01a7838b8068B93,4
0x7130ddDAA919091E5901bA5fD7f7FA704dC156b5,3
0x71b1F517A2374619860adCeCE45696dacC90AE49,3
0x71B84964238325eC460d6256bCCbE8B6083acb87,4
0x71De25f096bE2563DC4a3e3DcF1eEaDfc2042e6E,1
0x71E1682ca3447ae35e9E5Ad7ad5e28202CEE7888,3
0x72245a76297DA531A899DEF2db2335C2d7c34101,3
0x725A70b1847D1bF3Fbb7dcaf43880a9343F308be,4
0x72c6C6310535EdBD273957D476c4c4f721b9226A,3
0x73072bE2141CAE0cD6632c02ad1A48E55E632429,3
0x73206a2Ee45652C6607C181FFE2DdA9004326FFb,4
0x733062d870c8Bf314b8eEaB6E7908Bc88523a319,3
0x73520783C20121Fe8BBEb9cEa296B1A8B6ea37ca,1
0x7385487FE29e074cfc5E9997D807B6d808B754E2,4
0x73865aB70431b874619AB8Fe36bb2c292A643B2f,3
0x73A156634Be6d89e9F971a1a49d13Bb8cFDA01a5,3
0x73Bb55ce93A7872269B4dC27027883b3FCdF4B50,3
0x742f60A00fCA56678A7A9b21A5927DBCcE48f80B,3
0x7447E716cC7CB343C6A86249219d11058DE71a13,4
0x754bf9eBD66Da72169b5B0ad0dbf67a0a17e1079,3
0x755B397A74AE496A96D574c8F0d830dd715f1773,3
0x755E4F986436E2a5e5A47854aa2A1B36d270AC3F,3
0x75c693Cc2c53c13fCBf86e3371302ee34Fc7aAf4,4
0x763bCc6cd772291F98c8034Ce4c46D021d4eF0A2,3
0x778c4938d2fdacD4679aa3c7029fCae60599248C,3
0x778E6c8ff9C1E46D46B0BFaaAB0DF0137d24e9de,3
0x77A85FB4823344553B9906Dd4B5505c5E50d9969,3
0x77aC0ae20FbE444Ce9bb0c8ED0C41Df9249C50bA,3
0x77d78c2d0F9815177d82D79447c5276C456a97EF,3
0x7819309E205D172135d96127148Bd25DbF300606,1
0x78e50A27114d5538C44cfEB8b5B1d6909441b301,3
0x78FA30F6156D09d327B3463F0e5FB8DB13d64b06,4
0x79138bBd258075c6fb345d9D57bF66297E2CaE5d,3
0x791A3a34Fa49a185293220c316768179fCb278F0,3
0x7945212d2e86D0FC4d6aBd011766Ec519d089920,4
0x795596618ADf0382ABE34ef29859dFd466aD5606,3
0x798805c366aa1849Bb210132DCcd2Ee69C9CECeB,3
0x7a92a467bdD7A67Cfb8F9aC627436F739FBEfB51,3
0x7ADE82EA0315954C909c53F4959E06eCff02EE8C,3
0x7b0546D5847F5d6b2F0702e9e71AC0C371D54DCA,3
0x7B2e87A535aEce8e23235B8ae56628272e3D0F43,4
0x7B399458a06271B4f87592446058C099607b99A0,3
0x7B7E48d474B97FcE99bf5C268707b0e4D30Af92C,3
0x7bab0030D864293f4257d738F33a064a6f58f9e9,4
0x7Bbfc4125729F958C14f806bB816D28804b6FF36,3
0x7bD16221C898F29c2bB3931722043a6769dFE8BA,1
0x7bDBdf3caBE2C44a2D98Fef6B7bCC7642A237f4c,3
0x7Bf493dB0265aE9A0b0e4C851DF5D8cf5d369aaC,3
0x7C09B250aa8df7CF6FF4548E86b967ca33594ADE,3
0x7C34C62Eaf0a8807E921D8942cF470A844E66c9F,4
0x7Cc15E3c2135C28B638614b082e2E17c735B1Fdd,3
0x7d092b048422B1E58164eCf57176bFE7f84D77fe,3
0x7d0E72C53cB429D48F58ffEbdEc21030e82D6c05,3
0x7D457e7ca33b50485c6f13c87F0e8a4084fbFc69,3
0x7Dc877aa625e7FB13a9822E9e45603D9CbA32100,3
0x7dd2bF18C61136286F6476f104FcA5d3b85c86f9,3
0x7DeD6B0C5467b0FFA19dF79143237D048347941e,3
0x7E3474DFB1f9510Ed314d11aFa6c6F395B2DED61,3
0x7EE33Ac1445472edC33006Bb950661C9f57348A2,3
0x7fAC59ACB2829745Aa394740F04336f445756b5D,1
0x7Fb69eB059579d2F9B6DBdeB68b21A5FFA1f511B,3
0x80194CAfe2B50D5FBe857A2f9e6A9Cdc7C97AAA0,4
0x80A29aF5aAA5811d691De89fcDA9c6f869c78592,4
0x80e6E324Fd7276F48bFca9DF87c00D4c6cC9e048,3
0x8104b02c03F08D20b3c23F8FAe81300330AbAE75,3
0x81735640d56C0e3BF12507b864fDdFc0B585A8fe,3
0x81B0F1ac14F7e6C3ca483bCCD35f957d6f5d2001,3
0x81F10d99464d604EA1E9242DC71733a506E95b4e,3
0x822742FfB0447Be04d29b9BF21C0eB65C89722C0,4
0x82a84378EC7306E134f341b1D77d573a6Bc41ffF,3
0x82ABB5Df200D2998db4E80639B145d052cA40062,3
0x82BFeDD4C9945C419Ea55F9D2D73C0d7cb3F192c,3
0x833adf2d97a72565d63ea42eb4af0a1bad6accfb,1
0x8372b22C0311f118c6291c0DC31B8A269Be802B5,1
0x840490206eE4fd3e2a6CFf931fF82e4Bf2a49bAd,4
0x840b459925527cc989d80e6fD1a82724B4a87811,3
0x843a7105c8A414A58ebe178fe801924c1AE47030,3
0x845EdE385f9CB4D6A85128C001c25e806B9aDc5B,4
0x8491fF3cE336616Dab451C720de84AE386F3900c,3
0x84bA38696f4F2dbCb88Ec2C5F82d24A074d2E6fe,3
0x84DcEC225B9274e71bfeC83eD7377f976e8d4828,3
0x84fb708b4e974BA95861DEE9C0121Fa12D3B87C2,3
0x850E0b322662eE767e83bCd4442B5F450c709166,4
0x85552E34088A31F7CA4BE93028E8098e67c80546,1
0x858fb34A81C2C74Ce40bB28FBe1B58BA4a07c9E4,4
0x85d2AC02a261f9d5107Bd7EF61933D16995E31Ca,3
0x85f5aF8a084455DF7e7D8A53DD35d5e7529CD7Bc,3
0x85f8C1230E561E5d5C0B4687b97E3c9A88e90886,3
0x8613017807c38bB4134628d2D4BB7A6Ab043C48a,3
0x86213Ab6b741A572fE6be368C5a0b18E35Ce6A13,1
0x86379030FC5647528A3e02d2d6688f38D3B5ef3e,3
0x864BD653B611E2f571bDc1189aF17F6F603B359c,4
0x8678fc951b0e80aDd480f514D663536036677d73,3
0x869B2be973715f9E62676De7d52E87576B58ec82,1
0x86fa51bB6413283021cf2BaC8a3Dd040909A34E7,3
0x871f30821Ec5e4Fe2829806d0b0123aD6AC121Ef,3
0x87BcDdC40c0103B902C686bDF994f2c9B33fCb0b,3
0x88abb32fce6dD01C163c1D119f5b1588D6AA2F7D,3
0x88bfD18A75dD6C99E0d122921Ba94e699f624F00,4
0x88d9B1dD1398BF11570b2a224a925bb2FFeB20af,3
0x88E0DA237Cf198a56375ae5c587120B63D2b2929,3
0x8923E90aeAeeBAcc78362859DDD710803da21c5c,3
0x895eF8ec6505182e4B74Fa7d1A36f53434d4373e,3
0x8968287c282510f68d35A28943A0A2aAF355Dd26,4
0x8989633334579C744264aC94Bd29DDae9CE89A06,3
0x89C645ECbD07825B194E3B98300eB3497AABA406,1
0x89F85FaCe3ED7aFa74126cF6b4B434a126459F63,3
0x8A148633E126A1D8B0eB9f13AC2f3C4BEdAef66f,3
0x8A190c1D8608480852aB81172D17D12004139888,4
0x8a49241D5F7fe446346Fa3c29d0805ce14333Ed6,3
0x8A5E249Ba28C6f6492778c8850CE25EDD4A2862D,3
0x8afFCA06C5feDf048f81E6B975d48fCC6838bE88,4
0x8B075A7C5873f892CA4564D8A8de9764d7081171,3
0x8B3f14F0582FbF275BE87d265C931B4dfD5F13B7,3
0x8B904C15a87bAdb1D14c0e59cfE0bdE65Dda400a,3
0x8c2F2A27Ff2194e9D0E7278F8AFC9A40827A1205,3
0x8c6c3572C34d28248Ea89a0413e5E52b3f3efE5B,4
0x8cC9fe4f67f9b2f7422D70F3eBCFc231A2e7c322,4
0x8D6539916c1E3DE53D28449F6e059FD4215D23d7,3
0x8D671186146C2D81818e2265C644C70AdF30F438,3
0x8Dcc55c7200Df6005f7fd519b59B8f407f7a0fbe,4
0x8Df24e34Be72476163F8fD0A25b665D7676a3DDA,3
0x8Df6b09f74607e640Bc7Ea08A6B7E2A327476859,3
0x8dFc436536F6DEC44B890a9c56f336aC15F7F2DD,3
0x8E5156d442114e8Ad0078DAfe4222FA275A89940,4
0x8e9f6684b8b9c10CFBC76d08Df5b45cD2d2DebCe,1
0x8EbCd4549f7C2C65a3c37595483E41F72dE1D0a3,4
0x8f0609A2E94527b11F83Be89C306455536300c9f,3
0x8f2EA7613598bf3d0B926826F8DdfAf01a0e29dA,3
0x8F39C494B27C054639461932466EfE389C5aDd3b,3
0x8f62A3bEa385C773fb5c1f06157DBA560bC3c5C0,4
0x8F6DB32F1175400Cb647CC33322B38397d5C75B8,3
0x8FAE82EA0ff930EbBbCb0DD783420Dad86E26e64,3
0x8FCF70464580120a88B1A5E4B727764bc2E7097e,3
0x9017c92270F465FE35C8aDF47AD9B2C344765561,4
0x90447C0474462E78c27590Df1076E85cf797D73f,4
0x90966e5D16Cd278f0C84A99069901668A85C7104,4
0x90c1191003FFe2bAa459d06775514AAB04C0B33E,3
0x915164Ca3621C13BE63450F9Ec60C5813A790Dda,3
0x917B0aCbbED66a048BE5A78445843d7Af70D5751,3
0x92178Cdcf11E9f77F378503D05415D8BEb9E7bcF,3
0x92ec38cBD11b6e1Fd10A069aa368AbC6B3281ebB,4
0x92F4d82aD81140DCFe71Ca762Bb18bc973A00C3a,1
0x9349A33Aa22d6b79CaEd1a027747C39dD2e44a38,3
0x9350Dd0c2069Ce0B71A3fC746Eb82F5746B47CeC,3
0x93557e55611c1FDEA54534aE877d1CF33F196276,3
0x937D1dfFd6F07F5967D876cC72AE60a2Cfe5C4a0,3
0x93b82777341Bd2B0935241c3DC03022147794297,3
0x941b6117f7059C484D66E8f24ED38cB40A1667Cd,4
0x9432AF91ba57bc7878cd472f004946b5C8dDA2D7,3
0x947d01cE6B4c7D0E6009432e0bFae20F919Edc26,4
0x94E0acb22dd5d4a4681b65887D626742740755b3,3
0x9517D0AEC72919aE9041e9E7F643556af55b3c34,1
0x95af0A3D40ca1204da4a422B747795Be87EB74d3,3
0x95c04D55A03333FCC020a13D925B9D2E8FEC0283,3
0x966aE72684337eA472b320066c494662c89380F1,1
0x967352BEb80d3A28d06252248d5d6B56921bA081,3
0x9692f158E9B772d1722236F6844b6a0cdc75C2E0,3
0x96E9d290f0e2751B1330f7542fc19a6D45a890dd,4
0x9723a9C75A0b05A1432cA729593013B0C762c6ba,3
0x976Cf8c3F811eeF228714436AaBCFA89A0b03a97,3
0x97E2c5EC9cCD911Ab15a3a4AAFd0026F232ecF8B,1
0x981cD76E05e350708AaE9289Bf6f8c9376cD9110,4
0x988ca53a333b75446c25028e5e3cdB35cEA7DdC2,1
0x99010AeF8Dc984Df76d1ba385d8E247001CdEE23,1
0x9922cE22F26DbFb5D091Cd5b6eEe9fB8133955DE,3
0x994b2B32530c95Cd4BDaC0Ec0E0B41B187385B94,3
0x996f047f5ca79c7a1cFb92a534Add66520D9C2b1,1
0x99ceb19cfa09f46d7261b4dfd5409ca8a2538899,1
0x9A1c3736778db80224AC7F56c9893804D8fa6bed,4
0x9a1C49BD7587b9330d98Cc649a669DC70C1d75BE,3
0x9a321C5BE6D80532558dc68A3D4994D71697C9fa,3
0x9ae944cE4cFEA7067457e25921047B604A1DCb3D,3
0x9B001bFb55221e705Cf51c59277d642dbbc5479f,4
0x9BA9A9C5273Fc5e2f9c176eCEa4324A298a422Da,3
0x9bd6B861270fE304D2508C93CF1ECbe8C13803A1,1
0x9bE3503e9d24b3a51f1b7683F40ee186E159c4fB,3
0x9bf8337b43A67C283dC4D7a2591D1853239d9b83,3
0x9C5D3502967d2C2c37Bc0f4a65DC76062dffe4C5,4
0x9CA6AD1Ee310e546D3c37251A5f85cf9D539fF59,3
0x9Cd90876e44afC5B07FB57c7ed50DA5B3F5d1Ca3,3
0x9CF57e0513941C548fB7c4ACc129B6a66a46D515,3
0x9cF5F58a84A6A92ceAafEFe2ba9A76C3ab013cDD,3
0x9d2E3326D299eb580009F02d1982d41bAD6a189a,1
0x9D55b2506E9F0E91F3D36e9d4c32480b3B07cE5F,3
0x9d6E50B84fE40E825Cde3129D8D3e3582Fe1658F,3
0x9d915278Da1017033bf1c5Feb48562A0407bfd05,3
0x9dcCbcad304417EbB95ba5138732E187f515Ef71,4
0x9DD38C5D3Da25D9583fD133d0992E3B850c61ED6,3
0x9DF444FF0d18477a6BB28C3AfC2cD2812838416d,3
0x9dFdFa92227b31f6C4521Fa701B0e4aF0bb7a92a,3
0x9E693b3c3cC68282056Af5b05E9c7DAA413aA47C,3
0x9e80ef8b1329ae4088b7c799c332aa4f8a7ae866,1
0x9Eb01292BA8dB18EfFD099e84E4AbB65dfD4B1f7,3
0x9EC3b626Ed9EB9719B2A84465902A497C214e51c,3
0x9F3c44A7331Ca9DA2D3432Bcb0df91186a27E3D7,4
0x9f533BaeEaDF7F2E533b66541dc0C509B3138f72,3
0x9F986414C2e57897dBd78302397C0675616B6cd9,3
0xa07eae2A8A6b170e7311b56C4d1c67B1EccB3c92,3
0xa0a11352090E16B73497B5a3C57EF281D3006015,1
0xA0Ddf642BF3137873c45BD30058e347E9422A396,3
0xA1336bB133b47bcc00676a35f5BA25c0323ba156,3
0xa2063eeb679bE1E806F52c1F82028521f2C40727,3
0xA2b007a7D2e4B0B8bf84a9CEeC7cad01cE62391D,3
0xA2F66bD402fD905C626098C62f9885d7B2B750b7,3
0xa360FaC0F289B2e1646Ab0ac09D68D81417b97cb,3
0xA370ec823Ba1c0CCe6C44030176EBee206067E58,4
0xa380D05dDD16f2A8fB67CAc535FE0B2E400f0133,3
0xa3aB4B386Ac7CCf56CbaE0f8477483d5e7ac7a3B,3
0xA494876207Ae80D8669Dd347Fe11Fadae31c48E7,3
0xa4cf82828740aFF9A5b19A2bC18550362C948fAd,3
0xA59c52b97c2cDcbBe9D5fCB3240233e3868314C1,3
0xa5E98667C0685f988FA197D040Cc36ca7D8D6361,3
0xa60196c6D1C8DCB9249bC91f3993F8915469cDD4,1
0xA61bA68eCb57FeFA374Ff267dC6A4F662948B619,3
0xA630B9b2370d1f288229Eab9416ccB3882100FDB,3
0xa65797de99c33bA9d028e535aB5F472653Bc462d,1
0xa660533209f239A124FEfC703E34D384DC686B05,1
0xa6651a43355c9341FB5A70cFc38Bafc67EB366c1,1
0xA69f1372F0a36dAAF02793b2f64dE5439722b320,3
0xA76d7E0dD7F347fFFDe1CA3B52C8A13d80610Ea3,3
0xA7C642784d784a9C0b94FCCc0F38b262C83F781E,3
0xa813a62256A44AFEE6969eb2853DF8eA7cB3C51d,4
0xA87514c208f6508F96120851e48e25d28D10F645,3
0xa8B6605AEF296A5c6fe64B605435f8399335efd4,3
0xa9aA6A7B2e9A7C2ad628E096C5EFa148a6754F89,3
0xaa2e9Db394445C28349465b530248233e936a764,3
0xaA5e0299d2E058a6477AA4606Bd3CbBB29F78725,4
0xaAD5A76f68ef99c8180EEDD0bd44488D129A8693,3
0xAB279df9e6DfC08c3298322542E3116c44E64DE3,3
0xAb42cD5BD3bE78637826475708AD46e56f239A32,3
0xab807FDbf54F827c616D9B9235145b76Df22cBa8,4
0xABA37DdEA5E720ABbE0C6FF78DED055e7Fa53189,3
0xABeD1aF9d39BE52472cf2e92f22290C99c6ab5E3,3
0xAc930f1d9ef9C17eA977399673c45370cF6FE5b8,4
0xACf6c49b4A72f295Ad584411b3f6051f0964DEAc,3
0xad1a30491E2cDDD5bEF3d3312050D5232805712A,1
0xaDC7D8801f11c6dbc0D29b8274B35461eAa5AFe1,3
0xadfdcb0C48ceAd3979B5663232FAC20eD8EDa189,4
0xae0e350a7fE671227c29E8816f4b4C560E9b50B8,4
0xAE12898dFE6Cea481c998e978F70Bf5799F9f470,3
0xae4c4b166c6ADaea0c128dD99d31E99295DF35b0,3
0xaE79cF5a2bBa7dA8a82F15556fd79147FF261c91,3
0xAe8A52Fd98bf6e0985B90F9C83fbfeEc45B333A1,3
0xAF08df0BEA72A65abC8d8a98328D307579886F9a,4
0xAf4Ac2F4c6787e81dB915415EBa3425B39fdf163,4
0xaF8f5e8146279A9aF90cB9de3B8255e7aff4eF46,3
0xAF9237403b25C9Ca0A3C4400D8B8ADC6d9727b86,3
0xafaa2D1Cca8c045510CB6F77778F8Ee88a96844B,3
0xaFB5186d27d6C1bF91A7CE53ef85B387d5C1F098,3
0xAfb87AdE96cC77254244aa639B606D93c4e99299,1
0xB04d2dcdbe13C9D144A5B5D77e79d217e5414Ca6,3
0xB08D2BaAD7624E8bc04774e5B3753eBbA56AAEe3,3
0xb0E4B69A018B35102dc648F81542efB88744B5EF,4
0xB104bF2faC91639c14e97330e0B77CC3B1d8B2b6,4
0xB1651651928d2C371fF8fC1b666cAc9BBf7CC98A,1
0xb1732860607b1e893f788Bf904d0b12a1cE5E419,4
0xb1a11c1c74D0022bd4b005c505371E2Bba2f98F9,3
0xb20ba734c75993D89B0C8207308d133820fC26e0,3
0xB28654da9a9251114029e1E478705BEb331cD1E3,4
0xB28dBD605c410Db1a9152E5194B0C447Db17ca23,3
0xB3A53A5E5d1494B7f5A345f1c808CdD89f966d09,3
0xb41F6D0832F70282229916e788676a9Cd92D9192,3
0xB44FAa8f41AB7c7cAF7F94D2cE683249067504ae,3
0xB4673D330E879cFAFbe812D3CB330d9301A97A08,3
0xb4E77EA09046a11bDD275a7b5feD2439F8F3c4AA,1
0xB5c9006c186E2CCEe96f7bbe2959C11A83292d15,3
0xb5dD21026a88770986C3FC676aE0DB6092f63Dde,1
0xB6386cF83612B60D9bF3028C92387be7e10a148D,3
0xB695319B84645ec1AdeFEbd1e61F0E2961062C26,3
0xB6C04E9f255f80D9985A89CDCC3cAfaCB7FA5623,3
0xB7044f8a915b975e5fDF233a9CAFeF82eC0d39A9,3
0xB72984493bD5F5Ba0898406665B02382159a38d7,3
0xb760e92E3A3e250ADC19E06Ec641C2a57cf0f9c1,4
0xb7911c63824bD5cF0d3263466B94f0f8efDC5312,3
0xB7aC0300443BE2Bd0098fDA6ADc7288350644253,3
0xB7dFcF37eaD39a9901436ec2ce4057f9B57716de,3
0xB7F70ebCa3107c2f44fB14613D01f58519a1733a,3
0xb8318AA98a04d2E842282306dcDc1edc7c5D2cB9,3
0xB867Ba86746b4B3268508b014a3fEFD2a938cB27,1
0xB8834f8996112A25BB3e39A85fC176b39d656130,4
0xB8c7225Bb149757837CBeDaFD93668E0a47D6550,4
0xB8DC73939f0402A9E01C898f4cbcBc7313005895,3
0xB98E02AF7206D2f41D4986ebE6629dF197181719,3
0xB9BEA0554B3CA76660712D6B525CBFbc101fEC1d,3
0xB9eBAEE6eb63Fa6114480E942059F45b6DaEf904,3
0xB9f5761a325dA62835Ef29c2DFc41d58FCbD43bC,4
0xba34A41E7AFC5162330c7a6298A43b3fD940Fee9,4
0xBA5d403b7f0bC5E77eBCd8a4E33Fc62740028572,3
0xbA858C68c4cD8f427dF0a7Eee2c09CCCcbBa7577,1
0xBA882FDA8eBE7cFd0B66A938Bdb10DdD276e9dBe,3
0xBa9630DFf34431eAf4e3184651C95C14bA9c9e30,3
0xBB2C8277a4A41DfF3972E33B2Ef52562915A558c,3
0xbBA203b5E7d96a3c23F49D28cbb5F36ff80777E3,3
0xBc3e7F10Ac4d564EDbbc68767Ce7dE49472bfF7B,3
0xbC401630C1523a27C725ad6582CEF2b28aD44525,3
0xBce8383E8181B4e2B4cB49B937316136E373d1BC,4
0xbdbC05545bb6AeD1Af7d07Ef0AA552F8A7451065,3
0xbdC0aa3d506F559bf015A85cA48d155e7b33Be23,3
0xbe7d2CF512A48B4C39BAca0f1EA0470b54e10c0D,3
0xBEDe9D90A31B45F8372090edE30603860F082BC1,3
0xbef530F07b044Ee76dFF8779c56E2FD8a3317bf4,3
0xbF1Ed1ea654Ad49472daEDc21a31C8d28E6bb790,3
0xBF1Fa5FEF94D4aF60Ef96b4083B608A7FD18EF2F,3
0xBf5140A73c6f13Df65F76658CC4783D04260fE3C,4
0xBf5C1AF2a842afD89FfD5c6231b979b34e844E27,3
0xBFa3E85F10C8C7dA54B6cf8De823c9eEb64BB8D9,3
0xC03D752b4f6346304E5ff7A212d33D220d912cEF,3
0xc07F2785aDfDD4fFe9288a1ab77ed5e147aDe0bf,3
0xC142A4F330d738511b8E45Ce18ff3CCa28c3e6f5,3
0xC155c566C02dbB97686b3649daEA2DA9473f939E,3
0xC17699674af2e2D45Ec1b5E939B73A581692a30F,3
0xc18fdddfab0ac11ade3f3252cb7a1f0c17ac8ac8,1
0xc1dD40aBaF3Be6A54aFd9472b107456d35F4C6Da,3
0xC21e943e270c4dEB1eB7674C331AB6143C00dC74,3
0xC2Fe282922AfD54A48A0D30dD18c9a7cBCd34376,3
0xc37C1eedAB01F60A99D6048217086167745757Bf,3
0xc465E3847581DA841cD5E3691e674843C0037E51,3
0xC46828AE2E8229Efb80EA6C832Dd598D26D7d968,3
0xc471D0F5ca629b3387231f1586b6B87E1DBb49ad,3
0xc47c0dccfbb4D1c20d53569A288738f22e32275B,3
0xC491356BdE7d3Cee6ccF5C339f0CcD67aEC908E7,3
0xC51fFC33Fd5A093f4637d1f116825A459734BAa1,1
0xc52F2c6447CeDf57000C2BdB500FA85bfC4a0C3E,3
0xc53637A2570FE11A5c4Aa60a33EC6d1c51DDe013,3
0xc5A5d70cD6B9092391D0E0342D0a899F4C3EEce9,4
0xc5B35FF8DC087D09A9A802deA8EFD8dAbd88cA8C,3
0xC5bE20BE027f463F468ee0EEAfaAB18DF87A2F53,3
0xc5F9240242bBe0f89A0c380649de5A9a0e2E3f07,3
0xc60c81445C5Cc9aE6Be1E9643a71eB19956A6a5C,3
0xc60d812346B4fA79E956e234B4B8B12fC0E7b405,3
0xc744Cf8f58DB2D7dEC3e9251008dE7f449E87b8c,3
0xc7A824Acd3463ca9CB0Fcb1B390312e5CBE44C5D,3
0xc7C4462604cD4bbdEca69dBFddC500e676d26c15,4
0xc8010eBe4213D4C0C940ce83bEE2fF516e8671D3,4
0xc8294f45D4b4DE51FE0c9EA7204D554828191f80,3
0xc856b8b9B926FD931493d4dB52388AC90758d001,4
0xc88E439eBF87Ea2e8e606e3A414c20A83fc86e1F,4
0xc8c3E0a73e919B5a12dCC726Aea9f4513fb26bEF,3
0xC90829E2B75163980A633B3764253Fc286dC0c02,3
0xc93ae2D0f3888209C239861D43014Db983616242,3
0xC93dEcFA8b8807E3314729C3DA75Ad2E9bf0C3CB,4
0xc948d811B20DaC96697713Fe6Bf090deA9D18450,1
0xC9c220f35385Ec017C18576A348e92CC2C98976f,3
0xcb54245fC37FB525dd7C377cCE06641EE2fC7390,1
0xCb61E7Ce1C40101e4821C966f2912859AfAA5173,3
0xCB86E71fC75f08Cba566f624969c9210FD74Ddaf,4
0xcB9cD47403aea0d1F73ed1d45e558010AAdb09bE,4
0xCBF3ac9A6435420E42CeC4B12D7C9065ED2E5d14,4
0xCC03EC2cda6cB98Df867bb7E9a721f1845e5f18b,1
0xcc5DFF8c6cA0A68A49673A8c149e728aE4667678,3
0xCc6D879b631D223126922319d95Be512b3fbd68E,4
0xcD89D190353b1D0D4C103102C38b76F7696D511d,3
0xcdD29D2C62fbc157a6ADf52b05Ec7759fB4b89C6,3
0xCE2c3E9e17d365ADd29bA90ac87C2e79b3e97f0e,3
0xCEDF59f5880B00373a340c3fd5366625106466AB,3
0xcF0722F0F8d164529A1aAA4280057103DAea8007,3
0xcf7042E50E88e71dcE2B04DFf3Fff9dcD59610b5,1
0xCFd873f19a86B84cfC4916e8623f2486dc83d792,3
0xd009c361196fC8993cE2Bd5ADefc0D7f073D467E,3
0xd016593760dCE2dB66Ee025c6C38FccC99CD6276,3
0xD066C25051d6178d3fAE2F6825F8cCa1A1320054,3
0xD06B37e14eE4aa811D841DD9824622F310b3F139,3
0xd0a7C8e28CCf057662107281db2ed43E1881Cfbb,3
0xd0dc1223CbE7Af98469D05EdEe2dd789aCB076D2,3
0xd12d06BD5745Da2af15d9A2199CEC77C32b4Ac44,3
0xd1956badC7b9987be6057f88EcBa03F0Da1500CA,3
0xd27FC8AEE201Ec6a35f3AE32C457D04c44965158,4
0xD2a7D8EC1466Cb3C531EAC23819cA9Fc249F35D8,3
0xd2D2397632a075D9165446A4a5AfEc519870AE49,4
0xd2eAe69ccfE44dc30CB8dF183097C6E2bA63935C,3
0xD3077365951797c9c6D1536e144524DC068e8a01,3
0xD36F809FF66a9923A19F501794BfC0e7Ded82F1C,3
0xd3A71C106994CA10f03B642E46FAc0d4669DC0d6,3
0xD3e4fDFec40A225c6877B46CBfE7d04ec0b6a4b3,3
0xd3f5ffe24c2E29f3b05a9cA890ec2AED6A5b281E,3
0xD454cE15Fa0dD8A5b04F2555a019acc4fF27D8bE,4
0xd48645cd8931a81E3C073723Fb25b3fd074Cf1aa,3
0xd4BE56C96720Aa9CDAd1006957ef90B424460d95,3
0xD4C4C02214C765Cd485154e8aa3eD6FE9ea6F447,3
0xd4D75E7f740c09a5633B90ae50D5700aAB2b2216,3
0xD4dDc9F3e84eDA13ac7602d7893C5CFD6Cd5f2a8,3
0xd51a65A8FE91deDebd483fa64F32D3E9b1c598ff,3
0xd565e5aA7f91D7628eF01eB7f4F409F739378aF1,3
0xd57086C6C4988449490e492df5108595B7733fE5,3
0xD617B714Ca6f7eB54a0aE29d6d45530a8E5495b0,3
0xd61C35a4DaDa2d3FF5f9A85eD625F48E3dA4349d,3
0xD6A5664Ca9182cBd5479fA3C7fD38DFdbB84bA07,3
0xd6bb1E598D2Bda0bf79b2ad0E2Fe21D48FF00aA5,4
0xd6D817bC4FEd6647eF71fDB0303d95E3e1182c49,3
0xD721AA6626dDfcECb2E6f9A6078B04d02fABccce,3
0xD731A5e3c3F779Bc35DA2F76FA7146Ef0D7D759C,3
0xD7dEcE5204b669926b09DA4e5ea85473Cf2d2Ee7,3
0xD827531E21aD020f2E024e5d456f4aD4DE9e591a,3
0xd844af5CD2180F6B1c991f1964DbE4b333E9f59a,3
0xD88ED83743a1F04bD6988094Dd049A6B3cc21726,4
0xD8aF035d2FDF95632dE57375AaC231dAC8489Dd6,4
0xD8c730433c71AAEF3d0aBDb71fd4D59caa61D90A,3
0xd8F6D929b73d454f9872845a73b50B534DA853Ba,1
0xd95a1F30c32FE6DF5daA4475e47F19e20cb6c378,1
0xd9864004c7c2057c7D5EcD92E4538F4Ef291EEB9,3
0xD9C0a93e17174354391aaF106313A28F155CD4F6,4
0xDa05849B2fe63075266a22e972eA65f6D445DaF1,4
0xDA2F94D03f2646E915DEB27329CCEf0E1Ac19384,1
0xdaef4F083631fEBaC8A7628E173ED1a77761bCBb,4
0xdb251eDc981d24f229b7c0e869815963001B3b4f,3
0xdB4f82bDbD28F31b654de80ccC3e1C7d79d51dd9,3
0xdC294Fe3778B6c85C451B26B7374908A5dFB0b61,4
0xDc4E37E578ed7eE1Ba91Ac15e73Ad4CD4d435866,3
0xdCA49A9ed040157E0cF845e56A517Dee681CCB4F,4
0xDcB80feE2EcCDD50Da4ADA740F256d920889524b,3
0xdCf1438FA9a60fEE2D2bc9aE64e221A1B98ddFcD,3
0xDD5E2D51630a01b56decf26C45c4B76bFC3fa880,3
0xDD7F536a1c079277AcF6e25041349DCbF4d9Ed96,3
0xdd9ebe89A6f8119180Ead5d3428f7426eb5839a1,3
0xdda4c21d51Aa11629FE79E55b5f695557590E5a6,3
0xdDcc494B188D01798Be8aAC46Ba914c653EDEa25,4
0xDdfd2627fAE4D379332f0e96f802Fc6901A2B920,3
0xDeEB5523E5525f115E4f77B600B26d7e9B112d59,4
0xDF4D46C17F505827170eb119f088fd6e382fb6cb,3
0xdF72C2Ae225e5E87d57583cE561E35414CC8b687,3
0xDfe9eE03a0940466b015Bf8bcE4607bD77fB5D83,3
0xDFedDc98ae6eDcb5F63178A8589f41B6477F6C42,3
0xE02A3dE9fc7EF3fe5D276b9C06c39c3e61Acd554,3
0xE160e5903b9D5d544fF954e419723C0B8c24eCC5,3
0xe16eF3CB11EaEaf69507Af1E13e91B9caE768Bd6,3
0xE1aFe0Bb8b15139cA715c5787ab5198A30B98dbB,4
0xe268F03eBe44B04768c5E5eb0F7CbdB12F121368,3
0xe27F03F1d3C6309294a1d618C0Dc0c458Dd9c953,1
0xE2B1fE3Cd6D9F652dDedda1d4cCEeF8443664b5F,4
0xE2E8AcE399abbd777aaf27376FcdC4ae66Ed1E2c,4
0xE2f0284AA44A35CfD83f2946B767335b14347B96,3
0xE478Baa3110c016fbf22708abAe74b29E8b9A9ED,3
0xE489C5d3799051046C40Ba339e75B9d56Da26038,3
0xe4F1ffb476D5c3D10b270988527F2bdE649C3a15,3
0xe50A98Aa98726f84014F029053E116CFac1FE1d4,3
0xe51c597AfD98d11aFDFD7DeDF82cCd6c05FCe238,4
0xe53507D7035f7258CdEc0b28c5b5Eb1A4fD3c4Aa,3
0xE5beE17BC4CF08C0C22270A8646242E6Ba4345df,4
0xe5d009bbcE5a5D7ab9c6c2B1b0A56F9B98297Cff,3
0xe5DF7Db45D66164Dd31c70E95f154760280613e6,3
0xE664a59636dBA95b214C73c61d72a890b49b2Ed5,3
0xe6A97Ef80178BDeC2Bc83d53121A94c3055961F1,4
0xe6bE2096DbE9560cfB01B45804514d075D6585BC,3
0xE6EAc0f55E3F5eCEFAe3877015fb8631C95a3a45,3
0xE6f45e748E5c5Dba4602Bf8Ae74a241D5Dd0e1Ea,3
0xE70013ab55b50308d16bC40A2C18d1e7b201e43A,1
0xE75e2A9059C65De5e160DeC5D15c417310E03C2f,3
0xE76D5AA952Bf0beC5483c8c4937e09c32262F449,4
0xE7AFFEF46e237991D2f21c1b359EF7fE5DA2f76d,3
0xE84b754A809A97147Fd08405Cc9D585e8119Ce5C,3
0xE8c6ad17EBEA70FD491FE269C4c31f7812366F9B,4
0xE8eb59065AeabF68Ad20F1b10e68c89c69575A49,1
0xe90e352830d7ecE064496f6908969D2C5a245e56,3
0xe9137A9C82F569C6Bc24b4F4Dd705D63171C2610,3
0xE92240D57E90813727E647b6443658485396048F,3
0xE930ec12bD6D8Bb293A2ECd97786D0B61BcfE88e,3
0xe9D552cfA1A9Fa25e77cADC6B14c24B1740F73A2,3
0xE9E9206B598F6Fc95E006684Fe432f100E876110,3
0xEa7F6E1e09AD5D3870173bf280a8961D8Db25B04,3
0xeAa9d15EEa1c6b3D6D48C5413975C3b1a76faAf2,3
0xEb53b4bA6b29ffd6bEC76DdeFf80b36659347066,3
0xebB57Ed55e4F08d322d752065C4fa3c3207092bF,3
0xeC479B455482ef147463d2E7F0Eb90033dCf8047,3
0xEC4f373A70d5Bb5371df8A33951B898B7219f82C,1
0xEC988E81E785b17b097580F451714a1dDA1a5134,3
0xeD0F81eA610B59C3459c759d78dBbB23a3f83555,3
0xed2563571663409986172a122efC91a9f460E5B8,4
0xEdB561C5a8aDfa95FC44Ef8AA0fB38802C3C5025,3
0xEE4C1e2dE329c7bc175ac96d2b8fE4FC4d35b722,4
0xeeFa890a0452E679432f5E728DaF2d5027e02865,3
0xEf7109302f1a7067BFC205C198C3e37597EF0515,3
0xeF7308437960f8756C1Aa4A78F74311E41184F89,3
0xEF8a530fb0A82b59b9E332220D44137cc53721f2,3
0xeFeaBe379248B491b910201C3101548451019912,1
0xefFbcbABE8E4609e7EB474E0E4147E1Fb8530BF3,4
0xf0c3bBf41D38622d81C4F53fa8D151404383eF8b,4
0xf0ead98Fc5584340b9dcb6289BcfC06344121982,3
0xF0F703629Cc31dC13Cdb899Aa985C3f4f0DF7CBa,3
0xF118Bd100d3fb813A7a8A66588913FA1147712E3,3
0xf1940e39d79Ef6Afdd99C0B722dE7fa24f3D3424,1
0xF21c3A01b7B0F7ed3Be97a3Ea217c840EE715Cc8,3
0xf29492C5C6210794523623d20a5Ca08ccC062737,3
0xF2B9d23b89B82078a60d186690371f8c56A2CDC0,3
0xF309921083CdaEB3758Bc8c24a4156eDfA64ca2F,3
0xF365F8D8f76581e52Df3aa064F3235E527745C0e,3
0xf3bC730a1bf97Efa493798895Bf14E2F391C7274,1
0xF3C6203f11AF86faDBB60065A2340383f29Fe38E,4
0xf3FCA812cde386d0d74a4a6f76B25b401d3E1654,1
0xF4228B53433997726D6f98EBAEbfd1F83e08aE59,3
0xf4934C32C3279ed22A34A2A6aa80B3D8b0Fe2d35,4
0xF5703912F7430128F13BBE5661D45a8b48b96663,3
0xf58D15F9913829E1b61e92399dc77b082e6825A1,4
0xF5e0BDb055aeB55a450172533b78869660862234,1
0xf64e35839D69163De2a1707b753CD6CbD6185BCa,1
0xf7044777d2d794B736E3488cD48bff865b5bE297,3
0xf706C06CfcDa4C03420a532361b51cE30885A187,1
0xF70eE904aB1B0eFf736F0a9487758700772E3327,3
0xf7B5D543A6464C21679537c02e7a8C787314adD6,3
0xF7B7F4FDfB4d28631CF840fB5a6C07242DeeEc1F,3
0xf7Bfdf6f0b368F2D6BE949B8C4B9B6557B6187F1,4
0xf7d4dF98F4be31Bf93A0F3175F45E7d69668D2B2,3
0xf80c5487C86c1BE040db9eAd5f773F706D0E01a2,3
0xf862f86731709ba26fEe3B97469bBA6A041A994F,3
0xf878e37e2A825154eDa5E39133c7527730045EB0,4
0xf8A63c05eB4820d4a582F45642077E13F6F8A549,3
0xf8b1f60F5291fD3B9881631b1a36F567e5B56C60,3
0xF8f3fbD133D2cC15dC437DE21810072c2b74bE1A,3
0xF8fFFE0a4A251281c9f9a90F46Ce5F2393c7EC8B,1
0xF9C10dC0aCAC201388C96374e3386F568962d0E8,3
0xf9C40824F5052B8967bF49Fc06C6513fC8B2Ae2a,3
0xFa4342EA863aEdfa396481B63FAe20ADa2735864,3
0xfAA15AE73052f4deaF19BB290687609880d3e0eF,3
0xfB301abc866d8445C7a94A718FE5B7e18797251C,3
0xfb89E1C6B38B7E171BAE084A10D0C0ee4b7f5BFf,1
0xfB9c237485bAaf7f319B57FF41e95eFDE088aBF1,3
0xFbbCE5F63a40738b9EF194989ea6507a7636C526,3
0xFbd133e184871126E3dC2dAa35C69c71ED0f920c,3
0xfbF862D62b28C425e29c38091308cDD298424cb4,3
0xFC038453a938aBDf07AB51A99807c7429e42955e,4
0xFC795960c9f785a2cb599C1e0D949dC5c19f6258,3
0xfceCCF42BD06c1D9Ea192610eeaD8741D2221822,3
0xFD4Bb054392dCD5Acb07bE4d9E287c7684c87606,1
0xFd828F2d38D2c2Bea9067a10090e5a1eb61D526b,3
0xfDB0c011F96d36808b34b27A008AA3718622eF39,3
0xFE870831d3415e682DE363F0626d269DD41542cE,3
0xfebCA817e783251E295cDa3E4ab2B8d382Fb3c43,1
0xFeEbB7251827A89143049d400573f71f54676adf,3
0xFF33F94FF147B2F22C4Ae0dAE455D62E1C30e4d1,1
0xfF600185Dca32E2474F665b81855EeC1325d1ae2,3
0xFFB3ad2b555dA15eb45CfdC76c43932262f18e68,3
0xfFB51f3c8bEd77FdB54332773affde0a56Afa1fF,1
0x9D95fC93e4f67342AC91cc6Efe64a48B74Ae1330,1
0x4337878a01844311c874259CF527757678E19A8D,1
0xc9428b8FF0D6eA54532b957F234CE537407C07ad,1
0x663e9f1945668739821B88E8D7CB1F36222D2FA3,1
0xdA882d34Ad3f041eb9D2B8ef82008a6cDEf6d4A4,1
0x7f3A152F09324f2aee916CE069D3908603449173,1
0x9C7879689054685E31ee4097f74ac5091AD09De0,1
0xd9c0cF11C2DF23b37893A29f25Fe5ca61D2040D9,1
0x974A344968786201A5f2E282014098f1333aA73b,1
0xA014e6c715080585DF8E1607BB991DBA828CF425,1
